date_val,team
"APR 05, 2024",NEW YORK KNICKS
"MAR 29, 2024",NEW YORK KNICKS
"MAR 21, 2024",NEW YORK KNICKS
"MAR 18, 2024",NEW YORK KNICKS
"MAR 16, 2024",NEW YORK KNICKS
"MAR 14, 2024",NEW YORK KNICKS
"MAR 08, 2024",NEW YORK KNICKS
"MAR 05, 2024",NEW YORK KNICKS
"MAR 03, 2024",NEW YORK KNICKS
"FEB 29, 2024",NEW YORK KNICKS
"FEB 26, 2024",NEW YORK KNICKS
"FEB 24, 2024",NEW YORK KNICKS
"FEB 22, 2024",NEW YORK KNICKS
"FEB 14, 2024",NEW YORK KNICKS
"FEB 12, 2024",NEW YORK KNICKS
"FEB 10, 2024",NEW YORK KNICKS
"FEB 08, 2024",NEW YORK KNICKS
"FEB 06, 2024",NEW YORK KNICKS
"FEB 03, 2024",NEW YORK KNICKS
"FEB 01, 2024",NEW YORK KNICKS
"JAN 29, 2024",NEW YORK KNICKS
"JAN 25, 2024",NEW YORK KNICKS
"JAN 23, 2024",NEW YORK KNICKS
"JAN 20, 2024",NEW YORK KNICKS
"JAN 17, 2024",NEW YORK KNICKS
"JAN 13, 2024",NEW YORK KNICKS
"JAN 11, 2024",NEW YORK KNICKS
"JAN 09, 2024",NEW YORK KNICKS
"JAN 05, 2024",NEW YORK KNICKS
"JAN 03, 2024",NEW YORK KNICKS
"DEC 29, 2023",TORONTO RAPTORS
"DEC 27, 2023",TORONTO RAPTORS
"DEC 22, 2023",TORONTO RAPTORS
"DEC 20, 2023",TORONTO RAPTORS
"DEC 18, 2023",TORONTO RAPTORS
"DEC 15, 2023",TORONTO RAPTORS
"DEC 13, 2023",TORONTO RAPTORS
"DEC 11, 2023",TORONTO RAPTORS
"DEC 08, 2023",TORONTO RAPTORS
"DEC 06, 2023",TORONTO RAPTORS
"DEC 01, 2023",TORONTO RAPTORS
"NOV 28, 2023",TORONTO RAPTORS
"NOV 26, 2023",TORONTO RAPTORS
"NOV 24, 2023",TORONTO RAPTORS
"NOV 21, 2023",TORONTO RAPTORS
"NOV 17, 2023",TORONTO RAPTORS
"NOV 15, 2023",TORONTO RAPTORS
"NOV 13, 2023",TORONTO RAPTORS
"NOV 11, 2023",TORONTO RAPTORS
"OCT 27, 2023",TORONTO RAPTORS
"APR 12, 2024",MIAMI HEAT
"APR 05, 2024",MIAMI HEAT
"MAR 29, 2024",MIAMI HEAT
"MAR 22, 2024",MIAMI HEAT
"MAR 07, 2024",MIAMI HEAT
"MAR 05, 2024",MIAMI HEAT
"FEB 29, 2024",MIAMI HEAT
"FEB 26, 2024",MIAMI HEAT
"FEB 23, 2024",MIAMI HEAT
"FEB 13, 2024",MIAMI HEAT
"FEB 06, 2024",MIAMI HEAT
"FEB 02, 2024",MIAMI HEAT
"JAN 31, 2024",MIAMI HEAT
"JAN 29, 2024",MIAMI HEAT
"JAN 24, 2024",MIAMI HEAT
"JAN 19, 2024",MIAMI HEAT
"JAN 17, 2024",MIAMI HEAT
"JAN 15, 2024",MIAMI HEAT
"JAN 12, 2024",MIAMI HEAT
"JAN 10, 2024",MIAMI HEAT
"JAN 08, 2024",MIAMI HEAT
"JAN 05, 2024",MIAMI HEAT
"JAN 03, 2024",MIAMI HEAT
"JAN 01, 2024",MIAMI HEAT
"DEC 28, 2023",MIAMI HEAT
"DEC 25, 2023",MIAMI HEAT
"DEC 22, 2023",MIAMI HEAT
"DEC 20, 2023",MIAMI HEAT
"DEC 18, 2023",MIAMI HEAT
"NOV 30, 2023",MIAMI HEAT
"NOV 28, 2023",MIAMI HEAT
"NOV 24, 2023",MIAMI HEAT
"NOV 20, 2023",MIAMI HEAT
"NOV 18, 2023",MIAMI HEAT
"NOV 16, 2023",MIAMI HEAT
"NOV 14, 2023",MIAMI HEAT
"NOV 11, 2023",MIAMI HEAT
"NOV 08, 2023",MIAMI HEAT
"NOV 06, 2023",MIAMI HEAT
"NOV 03, 2023",MIAMI HEAT
"OCT 28, 2023",MIAMI HEAT
"APR 12, 2024",TORONTO RAPTORS
"APR 05, 2024",TORONTO RAPTORS
"MAR 23, 2024",TORONTO RAPTORS
"MAR 11, 2024",TORONTO RAPTORS
"MAR 09, 2024",TORONTO RAPTORS
"MAR 07, 2024",TORONTO RAPTORS
"MAR 05, 2024",TORONTO RAPTORS
"MAR 01, 2024",TORONTO RAPTORS
"FEB 28, 2024",TORONTO RAPTORS
"FEB 26, 2024",TORONTO RAPTORS
"FEB 22, 2024",TORONTO RAPTORS
"FEB 14, 2024",TORONTO RAPTORS
"FEB 12, 2024",TORONTO RAPTORS
"FEB 04, 2024",UTAH JAZZ
"FEB 01, 2024",UTAH JAZZ
"JAN 29, 2024",UTAH JAZZ
"JAN 27, 2024",UTAH JAZZ
"JAN 25, 2024",UTAH JAZZ
"JAN 23, 2024",UTAH JAZZ
"JAN 20, 2024",UTAH JAZZ
"JAN 18, 2024",UTAH JAZZ
"JAN 15, 2024",UTAH JAZZ
"JAN 12, 2024",UTAH JAZZ
"JAN 10, 2024",UTAH JAZZ
"JAN 08, 2024",UTAH JAZZ
"JAN 05, 2024",UTAH JAZZ
"JAN 03, 2024",UTAH JAZZ
"JAN 01, 2024",UTAH JAZZ
"DEC 28, 2023",UTAH JAZZ
"DEC 26, 2023",UTAH JAZZ
"DEC 23, 2023",UTAH JAZZ
"DEC 20, 2023",UTAH JAZZ
"DEC 18, 2023",UTAH JAZZ
"DEC 16, 2023",UTAH JAZZ
"DEC 13, 2023",UTAH JAZZ
"DEC 11, 2023",UTAH JAZZ
"DEC 08, 2023",UTAH JAZZ
"DEC 06, 2023",UTAH JAZZ
"DEC 02, 2023",UTAH JAZZ
"NOV 29, 2023",UTAH JAZZ
"NOV 27, 2023",UTAH JAZZ
"NOV 25, 2023",UTAH JAZZ
"NOV 21, 2023",UTAH JAZZ
"NOV 19, 2023",UTAH JAZZ
"NOV 17, 2023",UTAH JAZZ
"NOV 14, 2023",UTAH JAZZ
"NOV 10, 2023",UTAH JAZZ
"NOV 08, 2023",UTAH JAZZ
"NOV 06, 2023",UTAH JAZZ
"NOV 04, 2023",UTAH JAZZ
"NOV 01, 2023",UTAH JAZZ
"OCT 30, 2023",UTAH JAZZ
"OCT 27, 2023",UTAH JAZZ
"OCT 25, 2023",UTAH JAZZ
"MAR 27, 2024",MEMPHIS GRIZZLIES
"MAR 25, 2024",MEMPHIS GRIZZLIES
"MAR 22, 2024",MEMPHIS GRIZZLIES
"MAR 20, 2024",MEMPHIS GRIZZLIES
"MAR 18, 2024",MEMPHIS GRIZZLIES
"MAR 16, 2024",MEMPHIS GRIZZLIES
"MAR 12, 2024",MEMPHIS GRIZZLIES
"MAR 08, 2024",MEMPHIS GRIZZLIES
"MAR 06, 2024",MEMPHIS GRIZZLIES
"MAR 04, 2024",MEMPHIS GRIZZLIES
"MAR 01, 2024",MEMPHIS GRIZZLIES
"FEB 28, 2024",MEMPHIS GRIZZLIES
"FEB 26, 2024",MEMPHIS GRIZZLIES
"FEB 23, 2024",MEMPHIS GRIZZLIES
"FEB 14, 2024",MEMPHIS GRIZZLIES
"FEB 12, 2024",MEMPHIS GRIZZLIES
"FEB 10, 2024",MEMPHIS GRIZZLIES
"FEB 08, 2024",MEMPHIS GRIZZLIES
"FEB 06, 2024",MEMPHIS GRIZZLIES
"FEB 01, 2024",MEMPHIS GRIZZLIES
"JAN 29, 2024",MEMPHIS GRIZZLIES
"JAN 26, 2024",MEMPHIS GRIZZLIES
"JAN 22, 2024",MEMPHIS GRIZZLIES
"JAN 20, 2024",MEMPHIS GRIZZLIES
"JAN 18, 2024",MEMPHIS GRIZZLIES
"JAN 07, 2024",MEMPHIS GRIZZLIES
"JAN 05, 2024",MEMPHIS GRIZZLIES
"JAN 02, 2024",MEMPHIS GRIZZLIES
"DEC 31, 2023",MEMPHIS GRIZZLIES
"DEC 26, 2023",MEMPHIS GRIZZLIES
"DEC 23, 2023",MEMPHIS GRIZZLIES
"DEC 21, 2023",MEMPHIS GRIZZLIES
"DEC 18, 2023",MEMPHIS GRIZZLIES
"DEC 15, 2023",MEMPHIS GRIZZLIES
"DEC 13, 2023",MEMPHIS GRIZZLIES
"DEC 11, 2023",MEMPHIS GRIZZLIES
"DEC 08, 2023",MEMPHIS GRIZZLIES
"DEC 06, 2023",MEMPHIS GRIZZLIES
"DEC 01, 2023",MEMPHIS GRIZZLIES
"NOV 29, 2023",MEMPHIS GRIZZLIES
"NOV 22, 2023",MEMPHIS GRIZZLIES
"NOV 18, 2023",MEMPHIS GRIZZLIES
"NOV 14, 2023",MEMPHIS GRIZZLIES
"NOV 10, 2023",MEMPHIS GRIZZLIES
"NOV 08, 2023",MEMPHIS GRIZZLIES
"NOV 05, 2023",MEMPHIS GRIZZLIES
"APR 12, 2024",MINNESOTA TIMBERWOLVES
"APR 09, 2024",MINNESOTA TIMBERWOLVES
"APR 07, 2024",MINNESOTA TIMBERWOLVES
"APR 05, 2024",MINNESOTA TIMBERWOLVES
"APR 02, 2024",MINNESOTA TIMBERWOLVES
"MAR 29, 2024",MINNESOTA TIMBERWOLVES
"MAR 27, 2024",MINNESOTA TIMBERWOLVES
"MAR 22, 2024",MINNESOTA TIMBERWOLVES
"MAR 18, 2024",MINNESOTA TIMBERWOLVES
"MAR 16, 2024",MINNESOTA TIMBERWOLVES
"MAR 12, 2024",MINNESOTA TIMBERWOLVES
"MAR 10, 2024",MINNESOTA TIMBERWOLVES
"MAR 07, 2024",MINNESOTA TIMBERWOLVES
"MAR 04, 2024",MINNESOTA TIMBERWOLVES
"MAR 01, 2024",MINNESOTA TIMBERWOLVES
"FEB 27, 2024",MINNESOTA TIMBERWOLVES
"FEB 23, 2024",MINNESOTA TIMBERWOLVES
"FEB 15, 2024",MINNESOTA TIMBERWOLVES
"FEB 12, 2024",MINNESOTA TIMBERWOLVES
"FEB 08, 2024",MINNESOTA TIMBERWOLVES
"FEB 06, 2024",MINNESOTA TIMBERWOLVES
"FEB 04, 2024",MINNESOTA TIMBERWOLVES
"FEB 02, 2024",MINNESOTA TIMBERWOLVES
"JAN 31, 2024",MINNESOTA TIMBERWOLVES
"JAN 29, 2024",MINNESOTA TIMBERWOLVES
"JAN 27, 2024",MINNESOTA TIMBERWOLVES
"JAN 24, 2024",MINNESOTA TIMBERWOLVES
"JAN 22, 2024",MINNESOTA TIMBERWOLVES
"JAN 20, 2024",MINNESOTA TIMBERWOLVES
"JAN 17, 2024",MINNESOTA TIMBERWOLVES
"JAN 14, 2024",MINNESOTA TIMBERWOLVES
"JAN 12, 2024",MINNESOTA TIMBERWOLVES
"JAN 09, 2024",MINNESOTA TIMBERWOLVES
"JAN 07, 2024",MINNESOTA TIMBERWOLVES
"JAN 05, 2024",MINNESOTA TIMBERWOLVES
"JAN 03, 2024",MINNESOTA TIMBERWOLVES
"DEC 30, 2023",MINNESOTA TIMBERWOLVES
"DEC 28, 2023",MINNESOTA TIMBERWOLVES
"DEC 26, 2023",MINNESOTA TIMBERWOLVES
"DEC 23, 2023",MINNESOTA TIMBERWOLVES
"DEC 20, 2023",MINNESOTA TIMBERWOLVES
"DEC 18, 2023",MINNESOTA TIMBERWOLVES
"DEC 16, 2023",MINNESOTA TIMBERWOLVES
"DEC 14, 2023",MINNESOTA TIMBERWOLVES
"DEC 11, 2023",MINNESOTA TIMBERWOLVES
"DEC 08, 2023",MINNESOTA TIMBERWOLVES
"DEC 06, 2023",MINNESOTA TIMBERWOLVES
"NOV 30, 2023",MINNESOTA TIMBERWOLVES
"NOV 28, 2023",MINNESOTA TIMBERWOLVES
"NOV 24, 2023",MINNESOTA TIMBERWOLVES
"NOV 22, 2023",MINNESOTA TIMBERWOLVES
"NOV 20, 2023",MINNESOTA TIMBERWOLVES
"NOV 18, 2023",MINNESOTA TIMBERWOLVES
"NOV 14, 2023",MINNESOTA TIMBERWOLVES
"NOV 12, 2023",MINNESOTA TIMBERWOLVES
"NOV 10, 2023",MINNESOTA TIMBERWOLVES
"NOV 08, 2023",MINNESOTA TIMBERWOLVES
"NOV 06, 2023",MINNESOTA TIMBERWOLVES
"NOV 04, 2023",MINNESOTA TIMBERWOLVES
"NOV 01, 2023",MINNESOTA TIMBERWOLVES
"OCT 28, 2023",MINNESOTA TIMBERWOLVES
"APR 12, 2024",PHOENIX SUNS
"APR 09, 2024",PHOENIX SUNS
"APR 05, 2024",PHOENIX SUNS
"APR 01, 2024",PHOENIX SUNS
"MAR 29, 2024",PHOENIX SUNS
"MAR 27, 2024",PHOENIX SUNS
"MAR 25, 2024",PHOENIX SUNS
"MAR 23, 2024",PHOENIX SUNS
"MAR 20, 2024",PHOENIX SUNS
"MAR 09, 2024",PHOENIX SUNS
"MAR 07, 2024",PHOENIX SUNS
"MAR 05, 2024",PHOENIX SUNS
"MAR 02, 2024",PHOENIX SUNS
"FEB 29, 2024",PHOENIX SUNS
"FEB 22, 2024",PHOENIX SUNS
"FEB 13, 2024",PHOENIX SUNS
"FEB 10, 2024",PHOENIX SUNS
"FEB 08, 2024",PHOENIX SUNS
"FEB 06, 2024",PHOENIX SUNS
"FEB 02, 2024",PHOENIX SUNS
"JAN 29, 2024",PHOENIX SUNS
"JAN 26, 2024",PHOENIX SUNS
"JAN 24, 2024",PHOENIX SUNS
"JAN 21, 2024",PHOENIX SUNS
"JAN 19, 2024",PHOENIX SUNS
"JAN 16, 2024",PHOENIX SUNS
"JAN 14, 2024",PHOENIX SUNS
"JAN 11, 2024",PHOENIX SUNS
"JAN 07, 2024",PHOENIX SUNS
"JAN 05, 2024",PHOENIX SUNS
"JAN 03, 2024",PHOENIX SUNS
"DEC 31, 2023",PHOENIX SUNS
"DEC 29, 2023",PHOENIX SUNS
"DEC 27, 2023",PHOENIX SUNS
"DEC 25, 2023",PHOENIX SUNS
"DEC 22, 2023",PHOENIX SUNS
"DEC 19, 2023",PHOENIX SUNS
"DEC 17, 2023",PHOENIX SUNS
"DEC 15, 2023",PHOENIX SUNS
"DEC 05, 2023",PHOENIX SUNS
"DEC 01, 2023",PHOENIX SUNS
"NOV 21, 2023",PHOENIX SUNS
"NOV 19, 2023",PHOENIX SUNS
"NOV 17, 2023",PHOENIX SUNS
"NOV 15, 2023",PHOENIX SUNS
"NOV 12, 2023",PHOENIX SUNS
"NOV 10, 2023",PHOENIX SUNS
"NOV 08, 2023",PHOENIX SUNS
"NOV 02, 2023",PHOENIX SUNS
"OCT 31, 2023",PHOENIX SUNS
"OCT 28, 2023",PHOENIX SUNS
"OCT 26, 2023",PHOENIX SUNS
"OCT 24, 2023",PHOENIX SUNS
"APR 02, 2024",CLEVELAND CAVALIERS
"MAR 22, 2024",CLEVELAND CAVALIERS
"MAR 13, 2024",CLEVELAND CAVALIERS
"MAR 08, 2024",CLEVELAND CAVALIERS
"MAR 05, 2024",CLEVELAND CAVALIERS
"MAR 03, 2024",CLEVELAND CAVALIERS
"MAR 01, 2024",CLEVELAND CAVALIERS
"FEB 27, 2024",CLEVELAND CAVALIERS
"FEB 22, 2024",CLEVELAND CAVALIERS
"FEB 14, 2024",CLEVELAND CAVALIERS
"FEB 12, 2024",CLEVELAND CAVALIERS
"FEB 10, 2024",CLEVELAND CAVALIERS
"FEB 07, 2024",CLEVELAND CAVALIERS
"FEB 05, 2024",CLEVELAND CAVALIERS
"FEB 03, 2024",CLEVELAND CAVALIERS
"JAN 31, 2024",CLEVELAND CAVALIERS
"JAN 29, 2024",CLEVELAND CAVALIERS
"JAN 26, 2024",CLEVELAND CAVALIERS
"JAN 24, 2024",CLEVELAND CAVALIERS
"JAN 22, 2024",CLEVELAND CAVALIERS
"JAN 20, 2024",CLEVELAND CAVALIERS
"JAN 17, 2024",CLEVELAND CAVALIERS
"JAN 15, 2024",CLEVELAND CAVALIERS
"JAN 05, 2024",CLEVELAND CAVALIERS
"JAN 03, 2024",CLEVELAND CAVALIERS
"JAN 01, 2024",CLEVELAND CAVALIERS
"DEC 29, 2023",CLEVELAND CAVALIERS
"DEC 27, 2023",CLEVELAND CAVALIERS
"DEC 23, 2023",CLEVELAND CAVALIERS
"DEC 20, 2023",CLEVELAND CAVALIERS
"DEC 18, 2023",CLEVELAND CAVALIERS
"DEC 16, 2023",CLEVELAND CAVALIERS
"DEC 14, 2023",CLEVELAND CAVALIERS
"DEC 11, 2023",CLEVELAND CAVALIERS
"DEC 08, 2023",CLEVELAND CAVALIERS
"DEC 06, 2023",CLEVELAND CAVALIERS
"DEC 02, 2023",CLEVELAND CAVALIERS
"NOV 30, 2023",CLEVELAND CAVALIERS
"NOV 28, 2023",CLEVELAND CAVALIERS
"NOV 25, 2023",CLEVELAND CAVALIERS
"NOV 21, 2023",CLEVELAND CAVALIERS
"NOV 17, 2023",CLEVELAND CAVALIERS
"NOV 15, 2023",CLEVELAND CAVALIERS
"NOV 13, 2023",CLEVELAND CAVALIERS
"NOV 11, 2023",CLEVELAND CAVALIERS
"NOV 08, 2023",CLEVELAND CAVALIERS
"APR 11, 2024",NEW ORLEANS PELICANS
"APR 09, 2024",NEW ORLEANS PELICANS
"MAR 26, 2024",NEW ORLEANS PELICANS
"MAR 22, 2024",NEW ORLEANS PELICANS
"MAR 15, 2024",NEW ORLEANS PELICANS
"MAR 13, 2024",NEW ORLEANS PELICANS
"MAR 08, 2024",NEW ORLEANS PELICANS
"MAR 05, 2024",NEW ORLEANS PELICANS
"MAR 01, 2024",NEW ORLEANS PELICANS
"FEB 22, 2024",NEW ORLEANS PELICANS
"FEB 14, 2024",NEW ORLEANS PELICANS
"FEB 12, 2024",NEW ORLEANS PELICANS
"FEB 09, 2024",NEW ORLEANS PELICANS
"FEB 07, 2024",NEW ORLEANS PELICANS
"FEB 05, 2024",NEW ORLEANS PELICANS
"FEB 02, 2024",NEW ORLEANS PELICANS
"JAN 31, 2024",NEW ORLEANS PELICANS
"JAN 26, 2024",NEW ORLEANS PELICANS
"JAN 23, 2024",NEW ORLEANS PELICANS
"JAN 19, 2024",NEW ORLEANS PELICANS
"JAN 17, 2024",NEW ORLEANS PELICANS
"JAN 12, 2024",NEW ORLEANS PELICANS
"JAN 05, 2024",NEW ORLEANS PELICANS
"JAN 02, 2024",NEW ORLEANS PELICANS
"DEC 31, 2023",NEW ORLEANS PELICANS
"DEC 28, 2023",NEW ORLEANS PELICANS
"DEC 26, 2023",NEW ORLEANS PELICANS
"DEC 23, 2023",NEW ORLEANS PELICANS
"DEC 21, 2023",NEW ORLEANS PELICANS
"DEC 19, 2023",NEW ORLEANS PELICANS
"DEC 15, 2023",NEW ORLEANS PELICANS
"DEC 13, 2023",NEW ORLEANS PELICANS
"DEC 11, 2023",NEW ORLEANS PELICANS
"DEC 07, 2023",NEW ORLEANS PELICANS
"DEC 04, 2023",NEW ORLEANS PELICANS
"NOV 29, 2023",NEW ORLEANS PELICANS
"NOV 27, 2023",NEW ORLEANS PELICANS
"NOV 24, 2023",NEW ORLEANS PELICANS
"NOV 22, 2023",NEW ORLEANS PELICANS
"NOV 20, 2023",NEW ORLEANS PELICANS
"APR 03, 2024",MILWAUKEE BUCKS
"MAR 28, 2024",MILWAUKEE BUCKS
"MAR 21, 2024",MILWAUKEE BUCKS
"MAR 14, 2024",MILWAUKEE BUCKS
"MAR 12, 2024",MILWAUKEE BUCKS
"MAR 08, 2024",MILWAUKEE BUCKS
"MAR 06, 2024",MILWAUKEE BUCKS
"FEB 29, 2024",MILWAUKEE BUCKS
"FEB 27, 2024",MILWAUKEE BUCKS
"FEB 23, 2024",MILWAUKEE BUCKS
"FEB 15, 2024",MILWAUKEE BUCKS
"FEB 12, 2024",MILWAUKEE BUCKS
"FEB 08, 2024",MILWAUKEE BUCKS
"FEB 06, 2024",MILWAUKEE BUCKS
"FEB 03, 2024",MILWAUKEE BUCKS
"JAN 31, 2024",MILWAUKEE BUCKS
"JAN 29, 2024",MILWAUKEE BUCKS
"JAN 26, 2024",MILWAUKEE BUCKS
"JAN 24, 2024",MILWAUKEE BUCKS
"JAN 22, 2024",MILWAUKEE BUCKS
"JAN 13, 2024",MILWAUKEE BUCKS
"JAN 11, 2024",MILWAUKEE BUCKS
"JAN 08, 2024",MILWAUKEE BUCKS
"JAN 06, 2024",MILWAUKEE BUCKS
"JAN 03, 2024",MILWAUKEE BUCKS
"JAN 01, 2024",MILWAUKEE BUCKS
"DEC 29, 2023",MILWAUKEE BUCKS
"DEC 27, 2023",MILWAUKEE BUCKS
"DEC 21, 2023",MILWAUKEE BUCKS
"DEC 19, 2023",MILWAUKEE BUCKS
"DEC 17, 2023",MILWAUKEE BUCKS
"DEC 13, 2023",MILWAUKEE BUCKS
"DEC 11, 2023",MILWAUKEE BUCKS
"DEC 05, 2023",MILWAUKEE BUCKS
"DEC 02, 2023",MILWAUKEE BUCKS
"NOV 30, 2023",MILWAUKEE BUCKS
"NOV 28, 2023",MILWAUKEE BUCKS
"NOV 24, 2023",MILWAUKEE BUCKS
"NOV 22, 2023",MILWAUKEE BUCKS
"NOV 20, 2023",MILWAUKEE BUCKS
"NOV 17, 2023",MILWAUKEE BUCKS
"NOV 13, 2023",MILWAUKEE BUCKS
"NOV 08, 2023",MILWAUKEE BUCKS
"NOV 06, 2023",MILWAUKEE BUCKS
"OCT 30, 2023",MILWAUKEE BUCKS
"APR 09, 2024",ORLANDO MAGIC
"APR 03, 2024",ORLANDO MAGIC
"MAR 08, 2024",ORLANDO MAGIC
"MAR 05, 2024",ORLANDO MAGIC
"FEB 29, 2024",ORLANDO MAGIC
"FEB 27, 2024",ORLANDO MAGIC
"FEB 24, 2024",ORLANDO MAGIC
"FEB 22, 2024",ORLANDO MAGIC
"FEB 13, 2024",ORLANDO MAGIC
"FEB 10, 2024",ORLANDO MAGIC
"FEB 08, 2024",ORLANDO MAGIC
"FEB 06, 2024",ORLANDO MAGIC
"FEB 02, 2024",ORLANDO MAGIC
"JAN 31, 2024",ORLANDO MAGIC
"JAN 29, 2024",ORLANDO MAGIC
"JAN 26, 2024",ORLANDO MAGIC
"JAN 22, 2024",ORLANDO MAGIC
"JAN 19, 2024",ORLANDO MAGIC
"JAN 17, 2024",ORLANDO MAGIC
"JAN 12, 2024",ORLANDO MAGIC
"JAN 09, 2024",ORLANDO MAGIC
"JAN 05, 2024",ORLANDO MAGIC
"JAN 02, 2024",ORLANDO MAGIC
"DEC 31, 2023",ORLANDO MAGIC
"DEC 29, 2023",ORLANDO MAGIC
"DEC 26, 2023",ORLANDO MAGIC
"DEC 23, 2023",ORLANDO MAGIC
"DEC 20, 2023",ORLANDO MAGIC
"DEC 15, 2023",ORLANDO MAGIC
"DEC 11, 2023",ORLANDO MAGIC
"DEC 08, 2023",ORLANDO MAGIC
"DEC 06, 2023",ORLANDO MAGIC
"DEC 01, 2023",ORLANDO MAGIC
"NOV 29, 2023",ORLANDO MAGIC
"NOV 21, 2023",ORLANDO MAGIC
"NOV 17, 2023",ORLANDO MAGIC
"NOV 14, 2023",ORLANDO MAGIC
"NOV 09, 2023",ORLANDO MAGIC
"NOV 06, 2023",ORLANDO MAGIC
"NOV 02, 2023",ORLANDO MAGIC
"OCT 30, 2023",ORLANDO MAGIC
"OCT 27, 2023",ORLANDO MAGIC
"APR 09, 2024",NEW YORK KNICKS
"NOV 08, 2023",TORONTO RAPTORS
"APR 09, 2024",WASHINGTON WIZARDS
"MAR 23, 2024",WASHINGTON WIZARDS
"MAR 14, 2024",WASHINGTON WIZARDS
"MAR 12, 2024",WASHINGTON WIZARDS
"MAR 08, 2024",WASHINGTON WIZARDS
"MAR 06, 2024",WASHINGTON WIZARDS
"MAR 04, 2024",WASHINGTON WIZARDS
"FEB 29, 2024",WASHINGTON WIZARDS
"FEB 22, 2024",WASHINGTON WIZARDS
"FEB 14, 2024",WASHINGTON WIZARDS
"FEB 12, 2024",WASHINGTON WIZARDS
"FEB 09, 2024",WASHINGTON WIZARDS
"FEB 07, 2024",WASHINGTON WIZARDS
"FEB 02, 2024",WASHINGTON WIZARDS
"JAN 31, 2024",WASHINGTON WIZARDS
"JAN 29, 2024",WASHINGTON WIZARDS
"JAN 24, 2024",WASHINGTON WIZARDS
"JAN 20, 2024",WASHINGTON WIZARDS
"JAN 18, 2024",WASHINGTON WIZARDS
"JAN 13, 2024",WASHINGTON WIZARDS
"JAN 10, 2024",WASHINGTON WIZARDS
"JAN 08, 2024",WASHINGTON WIZARDS
"JAN 05, 2024",WASHINGTON WIZARDS
"JAN 03, 2024",WASHINGTON WIZARDS
"DEC 29, 2023",WASHINGTON WIZARDS
"DEC 26, 2023",WASHINGTON WIZARDS
"DEC 21, 2023",WASHINGTON WIZARDS
"DEC 17, 2023",WASHINGTON WIZARDS
"DEC 15, 2023",WASHINGTON WIZARDS
"DEC 13, 2023",WASHINGTON WIZARDS
"DEC 11, 2023",WASHINGTON WIZARDS
"DEC 08, 2023",WASHINGTON WIZARDS
"DEC 06, 2023",WASHINGTON WIZARDS
"DEC 01, 2023",WASHINGTON WIZARDS
"NOV 29, 2023",WASHINGTON WIZARDS
"NOV 27, 2023",WASHINGTON WIZARDS
"NOV 24, 2023",WASHINGTON WIZARDS
"NOV 22, 2023",WASHINGTON WIZARDS
"NOV 20, 2023",WASHINGTON WIZARDS
"NOV 17, 2023",WASHINGTON WIZARDS
"NOV 15, 2023",WASHINGTON WIZARDS
"NOV 13, 2023",WASHINGTON WIZARDS
"NOV 10, 2023",WASHINGTON WIZARDS
"NOV 08, 2023",WASHINGTON WIZARDS
"NOV 06, 2023",WASHINGTON WIZARDS
"NOV 03, 2023",WASHINGTON WIZARDS
"APR 11, 2024",PORTLAND TRAIL BLAZERS
"APR 09, 2024",PORTLAND TRAIL BLAZERS
"MAR 29, 2024",PORTLAND TRAIL BLAZERS
"MAR 20, 2024",PORTLAND TRAIL BLAZERS
"MAR 18, 2024",PORTLAND TRAIL BLAZERS
"MAR 13, 2024",PORTLAND TRAIL BLAZERS
"MAR 11, 2024",PORTLAND TRAIL BLAZERS
"FEB 27, 2024",PORTLAND TRAIL BLAZERS
"FEB 25, 2024",PORTLAND TRAIL BLAZERS
"FEB 23, 2024",PORTLAND TRAIL BLAZERS
"FEB 15, 2024",PORTLAND TRAIL BLAZERS
"FEB 13, 2024",PORTLAND TRAIL BLAZERS
"FEB 10, 2024",PORTLAND TRAIL BLAZERS
"FEB 04, 2024",PORTLAND TRAIL BLAZERS
"FEB 02, 2024",PORTLAND TRAIL BLAZERS
"JAN 31, 2024",PORTLAND TRAIL BLAZERS
"JAN 28, 2024",PORTLAND TRAIL BLAZERS
"JAN 26, 2024",PORTLAND TRAIL BLAZERS
"JAN 23, 2024",PORTLAND TRAIL BLAZERS
"JAN 21, 2024",PORTLAND TRAIL BLAZERS
"JAN 19, 2024",PORTLAND TRAIL BLAZERS
"DEC 23, 2023",PORTLAND TRAIL BLAZERS
"DEC 21, 2023",PORTLAND TRAIL BLAZERS
"DEC 19, 2023",PORTLAND TRAIL BLAZERS
"DEC 16, 2023",PORTLAND TRAIL BLAZERS
"DEC 14, 2023",PORTLAND TRAIL BLAZERS
"DEC 02, 2023",PORTLAND TRAIL BLAZERS
"NOV 30, 2023",PORTLAND TRAIL BLAZERS
"NOV 27, 2023",PORTLAND TRAIL BLAZERS
"NOV 21, 2023",PORTLAND TRAIL BLAZERS
"NOV 19, 2023",PORTLAND TRAIL BLAZERS
"NOV 17, 2023",PORTLAND TRAIL BLAZERS
"NOV 14, 2023",PORTLAND TRAIL BLAZERS
"NOV 12, 2023",PORTLAND TRAIL BLAZERS
"NOV 08, 2023",PORTLAND TRAIL BLAZERS
"NOV 05, 2023",PORTLAND TRAIL BLAZERS
"NOV 03, 2023",PORTLAND TRAIL BLAZERS
"OCT 27, 2023",PORTLAND TRAIL BLAZERS
"OCT 25, 2023",PORTLAND TRAIL BLAZERS
"MAR 25, 2024",WASHINGTON WIZARDS
"FEB 27, 2024",WASHINGTON WIZARDS
"JAN 12, 2024",DETROIT PISTONS
"JAN 01, 2024",DETROIT PISTONS
"DEC 23, 2023",DETROIT PISTONS
"DEC 21, 2023",DETROIT PISTONS
"DEC 18, 2023",DETROIT PISTONS
"DEC 08, 2023",DETROIT PISTONS
"DEC 02, 2023",DETROIT PISTONS
"NOV 29, 2023",DETROIT PISTONS
"NOV 24, 2023",DETROIT PISTONS
"NOV 20, 2023",DETROIT PISTONS
"NOV 17, 2023",DETROIT PISTONS
"NOV 14, 2023",DETROIT PISTONS
"NOV 12, 2023",DETROIT PISTONS
"NOV 10, 2023",DETROIT PISTONS
"NOV 08, 2023",DETROIT PISTONS
"NOV 06, 2023",DETROIT PISTONS
"NOV 02, 2023",DETROIT PISTONS
"OCT 30, 2023",DETROIT PISTONS
"MAR 16, 2024",WASHINGTON WIZARDS
"JAN 26, 2024",CHARLOTTE HORNETS
"JAN 24, 2024",CHARLOTTE HORNETS
"JAN 22, 2024",CHARLOTTE HORNETS
"JAN 19, 2024",CHARLOTTE HORNETS
"JAN 17, 2024",CHARLOTTE HORNETS
"JAN 12, 2024",CHARLOTTE HORNETS
"NOV 22, 2023",CHARLOTTE HORNETS
"NOV 20, 2023",CHARLOTTE HORNETS
"NOV 17, 2023",CHARLOTTE HORNETS
"NOV 14, 2023",CHARLOTTE HORNETS
"NOV 10, 2023",CHARLOTTE HORNETS
"NOV 08, 2023",CHARLOTTE HORNETS
"NOV 05, 2023",CHARLOTTE HORNETS
"NOV 01, 2023",CHARLOTTE HORNETS
"MAR 25, 2024",PHILADELPHIA 76ERS
"MAR 22, 2024",PHILADELPHIA 76ERS
"MAR 20, 2024",PHILADELPHIA 76ERS
"MAR 14, 2024",PHILADELPHIA 76ERS
"MAR 08, 2024",PHILADELPHIA 76ERS
"MAR 05, 2024",PHILADELPHIA 76ERS
"MAR 01, 2024",PHILADELPHIA 76ERS
"FEB 27, 2024",PHILADELPHIA 76ERS
"FEB 22, 2024",PHILADELPHIA 76ERS
"FEB 14, 2024",PHILADELPHIA 76ERS
"FEB 12, 2024",PHILADELPHIA 76ERS
"FEB 09, 2024",PHILADELPHIA 76ERS
"FEB 07, 2024",PHILADELPHIA 76ERS
"FEB 05, 2024",PHILADELPHIA 76ERS
"FEB 01, 2024",PHILADELPHIA 76ERS
"JAN 29, 2024",PHILADELPHIA 76ERS
"JAN 12, 2024",PHILADELPHIA 76ERS
"JAN 10, 2024",PHILADELPHIA 76ERS
"JAN 05, 2024",PHILADELPHIA 76ERS
"JAN 02, 2024",PHILADELPHIA 76ERS
"DEC 29, 2023",PHILADELPHIA 76ERS
"DEC 27, 2023",PHILADELPHIA 76ERS
"DEC 25, 2023",PHILADELPHIA 76ERS
"DEC 20, 2023",PHILADELPHIA 76ERS
"DEC 15, 2023",PHILADELPHIA 76ERS
"DEC 13, 2023",PHILADELPHIA 76ERS
"DEC 11, 2023",PHILADELPHIA 76ERS
"DEC 08, 2023",PHILADELPHIA 76ERS
"DEC 01, 2023",PHILADELPHIA 76ERS
"NOV 29, 2023",PHILADELPHIA 76ERS
"NOV 27, 2023",PHILADELPHIA 76ERS
"NOV 06, 2023",PHILADELPHIA 76ERS
"JAN 12, 2024",MEMPHIS GRIZZLIES
"JAN 09, 2024",MEMPHIS GRIZZLIES
"DEC 28, 2023",MEMPHIS GRIZZLIES
"NOV 03, 2023",MEMPHIS GRIZZLIES
"NOV 01, 2023",MEMPHIS GRIZZLIES
"OCT 30, 2023",MEMPHIS GRIZZLIES
"OCT 25, 2023",MEMPHIS GRIZZLIES
"MAR 25, 2024",PORTLAND TRAIL BLAZERS
"MAR 22, 2024",PORTLAND TRAIL BLAZERS
"MAR 08, 2024",PORTLAND TRAIL BLAZERS
"MAR 06, 2024",PORTLAND TRAIL BLAZERS
"MAR 04, 2024",PORTLAND TRAIL BLAZERS
"MAR 01, 2024",PORTLAND TRAIL BLAZERS
"FEB 01, 2024",BOSTON CELTICS
"JAN 27, 2024",BOSTON CELTICS
"JAN 25, 2024",BOSTON CELTICS
"JAN 17, 2024",BOSTON CELTICS
"JAN 08, 2024",BOSTON CELTICS
"JAN 05, 2024",BOSTON CELTICS
"DEC 31, 2023",BOSTON CELTICS
"DEC 08, 2023",BOSTON CELTICS
"DEC 04, 2023",BOSTON CELTICS
"DEC 01, 2023",BOSTON CELTICS
"NOV 28, 2023",BOSTON CELTICS
"NOV 15, 2023",BOSTON CELTICS
"NOV 10, 2023",BOSTON CELTICS
"MAR 27, 2024",SAN ANTONIO SPURS
"MAR 25, 2024",SAN ANTONIO SPURS
"MAR 19, 2024",SAN ANTONIO SPURS
"MAR 15, 2024",SAN ANTONIO SPURS
"MAR 11, 2024",SAN ANTONIO SPURS
"MAR 09, 2024",SAN ANTONIO SPURS
"MAR 07, 2024",SAN ANTONIO SPURS
"MAR 03, 2024",SAN ANTONIO SPURS
"JAN 31, 2024",SAN ANTONIO SPURS
"JAN 29, 2024",SAN ANTONIO SPURS
"JAN 19, 2024",SAN ANTONIO SPURS
"JAN 17, 2024",SAN ANTONIO SPURS
"JAN 12, 2024",SAN ANTONIO SPURS
"JAN 10, 2024",SAN ANTONIO SPURS
"JAN 04, 2024",SAN ANTONIO SPURS
"JAN 02, 2024",SAN ANTONIO SPURS
"DEC 31, 2023",SAN ANTONIO SPURS
"DEC 19, 2023",SAN ANTONIO SPURS
"NOV 22, 2023",SAN ANTONIO SPURS
"NOV 14, 2023",SAN ANTONIO SPURS
"NOV 08, 2023",SAN ANTONIO SPURS
"NOV 06, 2023",SAN ANTONIO SPURS
"OCT 29, 2023",SAN ANTONIO SPURS
"APR 11, 2024",SACRAMENTO KINGS
"APR 09, 2024",SACRAMENTO KINGS
"APR 02, 2024",SACRAMENTO KINGS
"MAR 31, 2024",SACRAMENTO KINGS
"MAR 29, 2024",SACRAMENTO KINGS
"MAR 25, 2024",SACRAMENTO KINGS
"MAR 18, 2024",SACRAMENTO KINGS
"MAR 16, 2024",SACRAMENTO KINGS
"MAR 12, 2024",SACRAMENTO KINGS
"MAR 06, 2024",SACRAMENTO KINGS
"MAR 04, 2024",SACRAMENTO KINGS
"MAR 01, 2024",SACRAMENTO KINGS
"FEB 28, 2024",SACRAMENTO KINGS
"FEB 25, 2024",SACRAMENTO KINGS
"FEB 22, 2024",SACRAMENTO KINGS
"FEB 13, 2024",SACRAMENTO KINGS
"FEB 09, 2024",SACRAMENTO KINGS
"FEB 07, 2024",SACRAMENTO KINGS
"FEB 05, 2024",SACRAMENTO KINGS
"FEB 02, 2024",SACRAMENTO KINGS
"JAN 31, 2024",SACRAMENTO KINGS
"JAN 29, 2024",SACRAMENTO KINGS
"JAN 27, 2024",SACRAMENTO KINGS
"JAN 25, 2024",SACRAMENTO KINGS
"JAN 22, 2024",SACRAMENTO KINGS
"JAN 18, 2024",SACRAMENTO KINGS
"JAN 16, 2024",SACRAMENTO KINGS
"JAN 14, 2024",SACRAMENTO KINGS
"JAN 12, 2024",SACRAMENTO KINGS
"JAN 09, 2024",SACRAMENTO KINGS
"JAN 05, 2024",SACRAMENTO KINGS
"JAN 02, 2024",SACRAMENTO KINGS
"DEC 31, 2023",SACRAMENTO KINGS
"DEC 29, 2023",SACRAMENTO KINGS
"DEC 26, 2023",SACRAMENTO KINGS
"DEC 22, 2023",SACRAMENTO KINGS
"DEC 20, 2023",SACRAMENTO KINGS
"DEC 18, 2023",SACRAMENTO KINGS
"DEC 16, 2023",SACRAMENTO KINGS
"DEC 14, 2023",SACRAMENTO KINGS
"DEC 11, 2023",SACRAMENTO KINGS
"DEC 08, 2023",SACRAMENTO KINGS
"DEC 04, 2023",SACRAMENTO KINGS
"DEC 02, 2023",SACRAMENTO KINGS
"NOV 28, 2023",SACRAMENTO KINGS
"NOV 24, 2023",SACRAMENTO KINGS
"NOV 22, 2023",SACRAMENTO KINGS
"NOV 19, 2023",SACRAMENTO KINGS
"NOV 17, 2023",SACRAMENTO KINGS
"NOV 15, 2023",SACRAMENTO KINGS
"NOV 13, 2023",SACRAMENTO KINGS
"NOV 10, 2023",SACRAMENTO KINGS
"NOV 08, 2023",SACRAMENTO KINGS
"NOV 06, 2023",SACRAMENTO KINGS
"NOV 04, 2023",SACRAMENTO KINGS
"NOV 01, 2023",SACRAMENTO KINGS
"OCT 29, 2023",SACRAMENTO KINGS
"OCT 27, 2023",SACRAMENTO KINGS
"OCT 25, 2023",SACRAMENTO KINGS
"FEB 09, 2024",TORONTO RAPTORS
"FEB 07, 2024",TORONTO RAPTORS
"FEB 04, 2024",TORONTO RAPTORS
"FEB 02, 2024",TORONTO RAPTORS
"JAN 30, 2024",TORONTO RAPTORS
"JAN 26, 2024",TORONTO RAPTORS
"JAN 22, 2024",TORONTO RAPTORS
"JAN 20, 2024",TORONTO RAPTORS
"JAN 17, 2024",TORONTO RAPTORS
"JAN 15, 2024",TORONTO RAPTORS
"JAN 12, 2024",TORONTO RAPTORS
"JAN 09, 2024",TORONTO RAPTORS
"JAN 07, 2024",TORONTO RAPTORS
"JAN 05, 2024",TORONTO RAPTORS
"JAN 03, 2024",TORONTO RAPTORS
"JAN 01, 2024",TORONTO RAPTORS
"DEC 29, 2023",NEW YORK KNICKS
"DEC 27, 2023",NEW YORK KNICKS
"DEC 20, 2023",NEW YORK KNICKS
"DEC 18, 2023",NEW YORK KNICKS
"DEC 15, 2023",NEW YORK KNICKS
"DEC 13, 2023",NEW YORK KNICKS
"DEC 11, 2023",NEW YORK KNICKS
"DEC 08, 2023",NEW YORK KNICKS
"DEC 05, 2023",NEW YORK KNICKS
"NOV 30, 2023",NEW YORK KNICKS
"NOV 28, 2023",NEW YORK KNICKS
"NOV 24, 2023",NEW YORK KNICKS
"NOV 20, 2023",NEW YORK KNICKS
"NOV 08, 2023",NEW YORK KNICKS
"NOV 06, 2023",NEW YORK KNICKS
"NOV 30, 2023",SAN ANTONIO SPURS
"NOV 26, 2023",SAN ANTONIO SPURS
"NOV 24, 2023",SAN ANTONIO SPURS
"NOV 20, 2023",SAN ANTONIO SPURS
"NOV 17, 2023",SAN ANTONIO SPURS
"NOV 12, 2023",SAN ANTONIO SPURS
"NOV 10, 2023",SAN ANTONIO SPURS
"NOV 02, 2023",SAN ANTONIO SPURS
"OCT 31, 2023",SAN ANTONIO SPURS
"OCT 27, 2023",SAN ANTONIO SPURS
"OCT 25, 2023",SAN ANTONIO SPURS
"APR 06, 2024",PHILADELPHIA 76ERS
"JAN 25, 2024",PHILADELPHIA 76ERS
"JAN 22, 2024",PHILADELPHIA 76ERS
"JAN 19, 2024",PHILADELPHIA 76ERS
"JAN 16, 2024",PHILADELPHIA 76ERS
"DEC 18, 2023",PHILADELPHIA 76ERS
"DEC 06, 2023",PHILADELPHIA 76ERS
"NOV 21, 2023",PHILADELPHIA 76ERS
"NOV 10, 2023",PHILADELPHIA 76ERS
"NOV 08, 2023",PHILADELPHIA 76ERS
"OCT 29, 2023",LOS ANGELES CLIPPERS
"OCT 27, 2023",LOS ANGELES CLIPPERS
"OCT 25, 2023",LOS ANGELES CLIPPERS
"APR 03, 2024",PHOENIX SUNS
"JAN 31, 2024",PHOENIX SUNS
"DEC 12, 2023",PHOENIX SUNS
"APR 12, 2024",MILWAUKEE BUCKS
"APR 10, 2024",MILWAUKEE BUCKS
"APR 05, 2024",MILWAUKEE BUCKS
"MAR 04, 2024",MILWAUKEE BUCKS
"JAN 17, 2024",MILWAUKEE BUCKS
"NOV 15, 2023",MILWAUKEE BUCKS
"MAR 08, 2024",ATLANTA HAWKS
"MAR 05, 2024",ATLANTA HAWKS
"FEB 29, 2024",ATLANTA HAWKS
"FEB 27, 2024",ATLANTA HAWKS
"FEB 25, 2024",ATLANTA HAWKS
"FEB 23, 2024",ATLANTA HAWKS
"FEB 14, 2024",ATLANTA HAWKS
"FEB 12, 2024",ATLANTA HAWKS
"FEB 09, 2024",ATLANTA HAWKS
"FEB 07, 2024",ATLANTA HAWKS
"FEB 05, 2024",ATLANTA HAWKS
"FEB 02, 2024",ATLANTA HAWKS
"JAN 30, 2024",ATLANTA HAWKS
"JAN 26, 2024",ATLANTA HAWKS
"JAN 24, 2024",ATLANTA HAWKS
"JAN 22, 2024",ATLANTA HAWKS
"JAN 19, 2024",ATLANTA HAWKS
"JAN 17, 2024",ATLANTA HAWKS
"JAN 12, 2024",ATLANTA HAWKS
"JAN 10, 2024",ATLANTA HAWKS
"JAN 05, 2024",ATLANTA HAWKS
"JAN 03, 2024",ATLANTA HAWKS
"DEC 29, 2023",ATLANTA HAWKS
"DEC 26, 2023",ATLANTA HAWKS
"DEC 22, 2023",ATLANTA HAWKS
"DEC 20, 2023",ATLANTA HAWKS
"DEC 18, 2023",ATLANTA HAWKS
"DEC 15, 2023",ATLANTA HAWKS
"DEC 13, 2023",ATLANTA HAWKS
"DEC 11, 2023",ATLANTA HAWKS
"DEC 08, 2023",ATLANTA HAWKS
"DEC 06, 2023",ATLANTA HAWKS
"DEC 02, 2023",ATLANTA HAWKS
"NOV 30, 2023",ATLANTA HAWKS
"NOV 28, 2023",ATLANTA HAWKS
"NOV 25, 2023",ATLANTA HAWKS
"NOV 21, 2023",ATLANTA HAWKS
"NOV 17, 2023",ATLANTA HAWKS
"NOV 14, 2023",ATLANTA HAWKS
"NOV 11, 2023",ATLANTA HAWKS
"NOV 09, 2023",ATLANTA HAWKS
"NOV 06, 2023",ATLANTA HAWKS
"MAR 29, 2024",OKLAHOMA CITY THUNDER
"MAR 03, 2024",OKLAHOMA CITY THUNDER
"FEB 29, 2024",OKLAHOMA CITY THUNDER
"APR 12, 2024",ATLANTA HAWKS
"APR 06, 2024",ATLANTA HAWKS
"APR 01, 2024",ATLANTA HAWKS
"MAR 21, 2024",ATLANTA HAWKS
"MAR 17, 2024",ATLANTA HAWKS
"MAR 13, 2024",ATLANTA HAWKS
"DEC 08, 2023",PHOENIX SUNS
"NOV 29, 2023",PHOENIX SUNS
"APR 12, 2024",LOS ANGELES CLIPPERS
"APR 09, 2024",LOS ANGELES CLIPPERS
"APR 02, 2024",LOS ANGELES CLIPPERS
"MAR 22, 2024",LOS ANGELES CLIPPERS
"MAR 20, 2024",LOS ANGELES CLIPPERS
"MAR 17, 2024",LOS ANGELES CLIPPERS
"MAR 14, 2024",LOS ANGELES CLIPPERS
"MAR 12, 2024",LOS ANGELES CLIPPERS
"MAR 01, 2024",LOS ANGELES CLIPPERS
"FEB 25, 2024",LOS ANGELES CLIPPERS
"FEB 22, 2024",LOS ANGELES CLIPPERS
"FEB 14, 2024",LOS ANGELES CLIPPERS
"FEB 12, 2024",LOS ANGELES CLIPPERS
"FEB 07, 2024",LOS ANGELES CLIPPERS
"FEB 02, 2024",LOS ANGELES CLIPPERS
"JAN 31, 2024",LOS ANGELES CLIPPERS
"JAN 29, 2024",LOS ANGELES CLIPPERS
"JAN 26, 2024",LOS ANGELES CLIPPERS
"JAN 12, 2024",LOS ANGELES CLIPPERS
"JAN 05, 2024",LOS ANGELES CLIPPERS
"JAN 01, 2024",LOS ANGELES CLIPPERS
"DEC 18, 2023",LOS ANGELES CLIPPERS
"DEC 16, 2023",LOS ANGELES CLIPPERS
"APR 09, 2024",SAN ANTONIO SPURS
"APR 05, 2024",SAN ANTONIO SPURS
"APR 02, 2024",SAN ANTONIO SPURS
"MAR 29, 2024",SAN ANTONIO SPURS
"MAR 22, 2024",SAN ANTONIO SPURS
"MAR 05, 2024",SAN ANTONIO SPURS
"FEB 29, 2024",SAN ANTONIO SPURS
"FEB 27, 2024",SAN ANTONIO SPURS
"FEB 25, 2024",SAN ANTONIO SPURS
"FEB 22, 2024",SAN ANTONIO SPURS
"FEB 14, 2024",SAN ANTONIO SPURS
"FEB 12, 2024",SAN ANTONIO SPURS
"FEB 07, 2024",SAN ANTONIO SPURS
"FEB 02, 2024",SAN ANTONIO SPURS
"JAN 24, 2024",SAN ANTONIO SPURS
"DEC 28, 2023",SAN ANTONIO SPURS
"DEC 26, 2023",SAN ANTONIO SPURS
"DEC 23, 2023",SAN ANTONIO SPURS
"DEC 21, 2023",SAN ANTONIO SPURS
"DEC 15, 2023",SAN ANTONIO SPURS
"DEC 13, 2023",SAN ANTONIO SPURS
"DEC 11, 2023",SAN ANTONIO SPURS
"DEC 08, 2023",SAN ANTONIO SPURS
"DEC 06, 2023",SAN ANTONIO SPURS
"APR 12, 2024",DENVER NUGGETS
"APR 09, 2024",DENVER NUGGETS
"APR 06, 2024",DENVER NUGGETS
"APR 04, 2024",DENVER NUGGETS
"APR 02, 2024",DENVER NUGGETS
"MAR 29, 2024",DENVER NUGGETS
"MAR 27, 2024",DENVER NUGGETS
"MAR 25, 2024",DENVER NUGGETS
"MAR 23, 2024",DENVER NUGGETS
"MAR 21, 2024",DENVER NUGGETS
"MAR 19, 2024",DENVER NUGGETS
"MAR 15, 2024",DENVER NUGGETS
"MAR 11, 2024",DENVER NUGGETS
"MAR 09, 2024",DENVER NUGGETS
"MAR 07, 2024",DENVER NUGGETS
"MAR 05, 2024",DENVER NUGGETS
"MAR 02, 2024",DENVER NUGGETS
"FEB 28, 2024",DENVER NUGGETS
"FEB 25, 2024",DENVER NUGGETS
"FEB 22, 2024",DENVER NUGGETS
"FEB 14, 2024",DENVER NUGGETS
"FEB 12, 2024",DENVER NUGGETS
"FEB 08, 2024",DENVER NUGGETS
"FEB 04, 2024",DENVER NUGGETS
"FEB 02, 2024",DENVER NUGGETS
"JAN 31, 2024",DENVER NUGGETS
"JAN 29, 2024",DENVER NUGGETS
"JAN 25, 2024",DENVER NUGGETS
"JAN 23, 2024",DENVER NUGGETS
"JAN 19, 2024",DENVER NUGGETS
"JAN 16, 2024",DENVER NUGGETS
"JAN 12, 2024",DENVER NUGGETS
"JAN 10, 2024",DENVER NUGGETS
"JAN 07, 2024",DENVER NUGGETS
"JAN 04, 2024",DENVER NUGGETS
"JAN 01, 2024",DENVER NUGGETS
"DEC 28, 2023",DENVER NUGGETS
"DEC 22, 2023",DENVER NUGGETS
"DEC 20, 2023",DENVER NUGGETS
"DEC 18, 2023",DENVER NUGGETS
"DEC 16, 2023",DENVER NUGGETS
"DEC 14, 2023",DENVER NUGGETS
"DEC 11, 2023",DENVER NUGGETS
"DEC 08, 2023",DENVER NUGGETS
"DEC 06, 2023",DENVER NUGGETS
"DEC 01, 2023",DENVER NUGGETS
"NOV 29, 2023",DENVER NUGGETS
"NOV 26, 2023",DENVER NUGGETS
"NOV 24, 2023",DENVER NUGGETS
"NOV 22, 2023",DENVER NUGGETS
"NOV 20, 2023",DENVER NUGGETS
"NOV 17, 2023",DENVER NUGGETS
"NOV 14, 2023",DENVER NUGGETS
"NOV 12, 2023",DENVER NUGGETS
"NOV 08, 2023",DENVER NUGGETS
"NOV 06, 2023",DENVER NUGGETS
"NOV 03, 2023",DENVER NUGGETS
"NOV 01, 2023",DENVER NUGGETS
"OCT 30, 2023",DENVER NUGGETS
"MAR 21, 2024",BROOKLYN NETS
"MAR 09, 2024",BROOKLYN NETS
"MAR 07, 2024",BROOKLYN NETS
"MAR 04, 2024",BROOKLYN NETS
"FEB 29, 2024",BROOKLYN NETS
"FEB 26, 2024",BROOKLYN NETS
"FEB 24, 2024",BROOKLYN NETS
"FEB 22, 2024",BROOKLYN NETS
"FEB 13, 2024",BROOKLYN NETS
"FEB 08, 2024",BROOKLYN NETS
"FEB 05, 2024",BROOKLYN NETS
"JAN 31, 2024",BROOKLYN NETS
"JAN 29, 2024",BROOKLYN NETS
"JAN 25, 2024",BROOKLYN NETS
"JAN 23, 2024",BROOKLYN NETS
"JAN 19, 2024",BROOKLYN NETS
"JAN 17, 2024",BROOKLYN NETS
"JAN 15, 2024",BROOKLYN NETS
"JAN 05, 2024",BROOKLYN NETS
"JAN 02, 2024",BROOKLYN NETS
"DEC 31, 2023",BROOKLYN NETS
"DEC 29, 2023",BROOKLYN NETS
"DEC 26, 2023",BROOKLYN NETS
"DEC 22, 2023",BROOKLYN NETS
"DEC 20, 2023",BROOKLYN NETS
"DEC 18, 2023",BROOKLYN NETS
"DEC 16, 2023",BROOKLYN NETS
"DEC 13, 2023",BROOKLYN NETS
"DEC 11, 2023",BROOKLYN NETS
"DEC 08, 2023",BROOKLYN NETS
"DEC 06, 2023",BROOKLYN NETS
"DEC 02, 2023",BROOKLYN NETS
"NOV 30, 2023",BROOKLYN NETS
"NOV 28, 2023",BROOKLYN NETS
"NOV 26, 2023",BROOKLYN NETS
"NOV 22, 2023",BROOKLYN NETS
"NOV 16, 2023",BROOKLYN NETS
"NOV 14, 2023",BROOKLYN NETS
"NOV 10, 2023",BROOKLYN NETS
"NOV 08, 2023",BROOKLYN NETS
"NOV 06, 2023",BROOKLYN NETS
"NOV 03, 2023",BROOKLYN NETS
"OCT 27, 2023",BROOKLYN NETS
"MAR 13, 2024",CHARLOTTE HORNETS
"MAR 08, 2024",CHARLOTTE HORNETS
"MAR 05, 2024",CHARLOTTE HORNETS
"FEB 29, 2024",CHARLOTTE HORNETS
"FEB 27, 2024",CHARLOTTE HORNETS
"FEB 25, 2024",CHARLOTTE HORNETS
"FEB 22, 2024",CHARLOTTE HORNETS
"FEB 14, 2024",CHARLOTTE HORNETS
"FEB 12, 2024",CHARLOTTE HORNETS
"FEB 09, 2024",CHARLOTTE HORNETS
"FEB 07, 2024",CHARLOTTE HORNETS
"FEB 05, 2024",CHARLOTTE HORNETS
"FEB 02, 2024",CHARLOTTE HORNETS
"JAN 31, 2024",CHARLOTTE HORNETS
"JAN 29, 2024",CHARLOTTE HORNETS
"JAN 10, 2024",CHARLOTTE HORNETS
"JAN 08, 2024",CHARLOTTE HORNETS
"JAN 05, 2024",CHARLOTTE HORNETS
"JAN 01, 2024",CHARLOTTE HORNETS
"DEC 28, 2023",CHARLOTTE HORNETS
"DEC 26, 2023",CHARLOTTE HORNETS
"DEC 23, 2023",CHARLOTTE HORNETS
"DEC 20, 2023",CHARLOTTE HORNETS
"DEC 15, 2023",CHARLOTTE HORNETS
"DEC 13, 2023",CHARLOTTE HORNETS
"DEC 11, 2023",CHARLOTTE HORNETS
"DEC 08, 2023",CHARLOTTE HORNETS
"DEC 06, 2023",CHARLOTTE HORNETS
"NOV 30, 2023",CHARLOTTE HORNETS
"NOV 28, 2023",CHARLOTTE HORNETS
"JAN 17, 2024",PORTLAND TRAIL BLAZERS
"JAN 09, 2024",PORTLAND TRAIL BLAZERS
"JAN 05, 2024",PORTLAND TRAIL BLAZERS
"JAN 03, 2024",PORTLAND TRAIL BLAZERS
"JAN 01, 2024",PORTLAND TRAIL BLAZERS
"DEC 28, 2023",PORTLAND TRAIL BLAZERS
"DEC 26, 2023",PORTLAND TRAIL BLAZERS
"DEC 06, 2023",PORTLAND TRAIL BLAZERS
"APR 11, 2024",HOUSTON ROCKETS
"APR 09, 2024",HOUSTON ROCKETS
"APR 04, 2024",HOUSTON ROCKETS
"APR 02, 2024",HOUSTON ROCKETS
"MAR 29, 2024",HOUSTON ROCKETS
"MAR 27, 2024",HOUSTON ROCKETS
"MAR 25, 2024",HOUSTON ROCKETS
"MAR 23, 2024",HOUSTON ROCKETS
"MAR 21, 2024",HOUSTON ROCKETS
"MAR 14, 2024",HOUSTON ROCKETS
"MAR 12, 2024",HOUSTON ROCKETS
"MAR 08, 2024",HOUSTON ROCKETS
"MAR 05, 2024",HOUSTON ROCKETS
"MAR 02, 2024",HOUSTON ROCKETS
"FEB 29, 2024",HOUSTON ROCKETS
"FEB 27, 2024",HOUSTON ROCKETS
"FEB 25, 2024",HOUSTON ROCKETS
"FEB 22, 2024",HOUSTON ROCKETS
"FEB 14, 2024",HOUSTON ROCKETS
"FEB 12, 2024",HOUSTON ROCKETS
"FEB 09, 2024",HOUSTON ROCKETS
"FEB 06, 2024",HOUSTON ROCKETS
"FEB 04, 2024",HOUSTON ROCKETS
"FEB 02, 2024",HOUSTON ROCKETS
"JAN 31, 2024",HOUSTON ROCKETS
"JAN 29, 2024",HOUSTON ROCKETS
"JAN 26, 2024",HOUSTON ROCKETS
"JAN 24, 2024",HOUSTON ROCKETS
"JAN 20, 2024",HOUSTON ROCKETS
"JAN 17, 2024",HOUSTON ROCKETS
"DEC 26, 2023",HOUSTON ROCKETS
"DEC 22, 2023",HOUSTON ROCKETS
"DEC 20, 2023",HOUSTON ROCKETS
"DEC 17, 2023",HOUSTON ROCKETS
"DEC 15, 2023",HOUSTON ROCKETS
"DEC 13, 2023",HOUSTON ROCKETS
"DEC 11, 2023",HOUSTON ROCKETS
"DEC 08, 2023",HOUSTON ROCKETS
"DEC 06, 2023",HOUSTON ROCKETS
"DEC 02, 2023",HOUSTON ROCKETS
"NOV 28, 2023",HOUSTON ROCKETS
"NOV 24, 2023",HOUSTON ROCKETS
"NOV 22, 2023",HOUSTON ROCKETS
"NOV 19, 2023",HOUSTON ROCKETS
"NOV 17, 2023",HOUSTON ROCKETS
"NOV 12, 2023",HOUSTON ROCKETS
"NOV 10, 2023",HOUSTON ROCKETS
"NOV 08, 2023",HOUSTON ROCKETS
"NOV 06, 2023",HOUSTON ROCKETS
"NOV 04, 2023",HOUSTON ROCKETS
"NOV 01, 2023",HOUSTON ROCKETS
"OCT 27, 2023",HOUSTON ROCKETS
"JAN 12, 2024",INDIANA PACERS
"JAN 10, 2024",INDIANA PACERS
"JAN 08, 2024",INDIANA PACERS
"JAN 05, 2024",INDIANA PACERS
"JAN 03, 2024",INDIANA PACERS
"DEC 20, 2023",INDIANA PACERS
"DEC 18, 2023",INDIANA PACERS
"DEC 15, 2023",INDIANA PACERS
"DEC 13, 2023",INDIANA PACERS
"DEC 11, 2023",INDIANA PACERS
"DEC 04, 2023",INDIANA PACERS
"DEC 02, 2023",INDIANA PACERS
"NOV 30, 2023",INDIANA PACERS
"NOV 27, 2023",INDIANA PACERS
"NOV 24, 2023",INDIANA PACERS
"NOV 21, 2023",INDIANA PACERS
"NOV 14, 2023",INDIANA PACERS
"NOV 08, 2023",INDIANA PACERS
"NOV 06, 2023",INDIANA PACERS
"MAR 11, 2024",BOSTON CELTICS
"MAR 09, 2024",BOSTON CELTICS
"MAR 07, 2024",BOSTON CELTICS
"MAR 05, 2024",BOSTON CELTICS
"MAR 01, 2024",BOSTON CELTICS
"FEB 27, 2024",BOSTON CELTICS
"FEB 24, 2024",BOSTON CELTICS
"FEB 22, 2024",BOSTON CELTICS
"FEB 13, 2024",BOSTON CELTICS
"FEB 09, 2024",BOSTON CELTICS
"FEB 07, 2024",BOSTON CELTICS
"JAN 29, 2024",BOSTON CELTICS
"JAN 21, 2024",BOSTON CELTICS
"JAN 19, 2024",BOSTON CELTICS
"JAN 13, 2024",BOSTON CELTICS
"JAN 10, 2024",BOSTON CELTICS
"JAN 02, 2024",BOSTON CELTICS
"DEC 19, 2023",BOSTON CELTICS
"DEC 14, 2023",BOSTON CELTICS
"DEC 12, 2023",BOSTON CELTICS
"NOV 22, 2023",BOSTON CELTICS
"NOV 19, 2023",BOSTON CELTICS
"NOV 17, 2023",BOSTON CELTICS
"NOV 13, 2023",BOSTON CELTICS
"NOV 08, 2023",BOSTON CELTICS
"NOV 06, 2023",BOSTON CELTICS
"NOV 04, 2023",BOSTON CELTICS
"MAR 25, 2024",LOS ANGELES CLIPPERS
"JAN 23, 2024",LOS ANGELES CLIPPERS
"DEC 29, 2023",LOS ANGELES CLIPPERS
"DEC 26, 2023",LOS ANGELES CLIPPERS
"DEC 14, 2023",LOS ANGELES CLIPPERS
"DEC 11, 2023",LOS ANGELES CLIPPERS
"DEC 08, 2023",LOS ANGELES CLIPPERS
"DEC 06, 2023",LOS ANGELES CLIPPERS
"NOV 29, 2023",LOS ANGELES CLIPPERS
"NOV 10, 2023",LOS ANGELES CLIPPERS
"NOV 06, 2023",LOS ANGELES CLIPPERS
"OCT 31, 2023",LOS ANGELES CLIPPERS
"DEC 11, 2023",PORTLAND TRAIL BLAZERS
"NOV 17, 2023",NEW YORK KNICKS
"NOV 15, 2023",NEW YORK KNICKS
"NOV 13, 2023",NEW YORK KNICKS
"DEC 16, 2023",MIAMI HEAT
"DEC 13, 2023",MIAMI HEAT
"DEC 11, 2023",MIAMI HEAT
"NOV 22, 2023",MIAMI HEAT
"OCT 30, 2023",MIAMI HEAT
"FEB 07, 2024",DETROIT PISTONS
"FEB 02, 2024",DETROIT PISTONS
"JAN 31, 2024",DETROIT PISTONS
"JAN 24, 2024",DETROIT PISTONS
"JAN 22, 2024",DETROIT PISTONS
"JAN 17, 2024",DETROIT PISTONS
"JAN 09, 2024",DETROIT PISTONS
"JAN 07, 2024",DETROIT PISTONS
"JAN 05, 2024",DETROIT PISTONS
"JAN 03, 2024",DETROIT PISTONS
"DEC 28, 2023",DETROIT PISTONS
"DEC 26, 2023",DETROIT PISTONS
"DEC 15, 2023",DETROIT PISTONS
"DEC 13, 2023",DETROIT PISTONS
"DEC 11, 2023",DETROIT PISTONS
"DEC 06, 2023",DETROIT PISTONS
"NOV 27, 2023",DETROIT PISTONS
"DEC 08, 2023",MIAMI HEAT
"DEC 06, 2023",MIAMI HEAT
"DEC 02, 2023",MIAMI HEAT
"FEB 08, 2024",PORTLAND TRAIL BLAZERS
"JAN 14, 2024",PORTLAND TRAIL BLAZERS
"JAN 11, 2024",PORTLAND TRAIL BLAZERS
"DEC 08, 2023",PORTLAND TRAIL BLAZERS
"MAR 15, 2024",ATLANTA HAWKS
"APR 09, 2024",CHICAGO BULLS
"APR 01, 2024",CHICAGO BULLS
"MAR 27, 2024",CHICAGO BULLS
"MAR 25, 2024",CHICAGO BULLS
"MAR 18, 2024",CHICAGO BULLS
"MAR 16, 2024",CHICAGO BULLS
"MAR 14, 2024",CHICAGO BULLS
"MAR 11, 2024",CHICAGO BULLS
"MAR 06, 2024",CHICAGO BULLS
"MAR 04, 2024",CHICAGO BULLS
"MAR 01, 2024",CHICAGO BULLS
"FEB 27, 2024",CHICAGO BULLS
"FEB 25, 2024",CHICAGO BULLS
"FEB 22, 2024",CHICAGO BULLS
"FEB 14, 2024",CHICAGO BULLS
"FEB 12, 2024",CHICAGO BULLS
"FEB 08, 2024",CHICAGO BULLS
"FEB 06, 2024",CHICAGO BULLS
"FEB 03, 2024",CHICAGO BULLS
"JAN 30, 2024",CHICAGO BULLS
"JAN 28, 2024",CHICAGO BULLS
"JAN 25, 2024",CHICAGO BULLS
"JAN 22, 2024",CHICAGO BULLS
"JAN 20, 2024",CHICAGO BULLS
"JAN 18, 2024",CHICAGO BULLS
"JAN 15, 2024",CHICAGO BULLS
"JAN 08, 2024",CHICAGO BULLS
"JAN 05, 2024",CHICAGO BULLS
"JAN 02, 2024",CHICAGO BULLS
"DEC 30, 2023",CHICAGO BULLS
"DEC 28, 2023",CHICAGO BULLS
"DEC 26, 2023",CHICAGO BULLS
"DEC 23, 2023",CHICAGO BULLS
"DEC 20, 2023",CHICAGO BULLS
"DEC 18, 2023",CHICAGO BULLS
"DEC 16, 2023",CHICAGO BULLS
"DEC 14, 2023",CHICAGO BULLS
"DEC 11, 2023",CHICAGO BULLS
"DEC 08, 2023",CHICAGO BULLS
"DEC 06, 2023",CHICAGO BULLS
"DEC 02, 2023",CHICAGO BULLS
"NOV 30, 2023",CHICAGO BULLS
"NOV 28, 2023",CHICAGO BULLS
"NOV 26, 2023",CHICAGO BULLS
"NOV 24, 2023",CHICAGO BULLS
"NOV 22, 2023",CHICAGO BULLS
"NOV 20, 2023",CHICAGO BULLS
"NOV 17, 2023",CHICAGO BULLS
"NOV 15, 2023",CHICAGO BULLS
"NOV 12, 2023",CHICAGO BULLS
"NOV 08, 2023",CHICAGO BULLS
"NOV 06, 2023",CHICAGO BULLS
"NOV 03, 2023",CHICAGO BULLS
"NOV 01, 2023",CHICAGO BULLS
"OCT 27, 2023",CHICAGO BULLS
"OCT 25, 2023",CHICAGO BULLS
"APR 05, 2024",CHICAGO BULLS
"MAR 23, 2024",CHICAGO BULLS
"MAR 21, 2024",CHICAGO BULLS
"FEB 10, 2024",CHICAGO BULLS
"JAN 12, 2024",CHICAGO BULLS
"JAN 10, 2024",CHICAGO BULLS
"APR 09, 2024",LOS ANGELES LAKERS
"APR 07, 2024",LOS ANGELES LAKERS
"MAR 27, 2024",LOS ANGELES LAKERS
"FEB 13, 2024",LOS ANGELES LAKERS
"JAN 21, 2024",LOS ANGELES LAKERS
"DEC 15, 2023",LOS ANGELES LAKERS
"NOV 08, 2023",LOS ANGELES LAKERS
"APR 12, 2024",SAN ANTONIO SPURS
"JAN 26, 2024",SAN ANTONIO SPURS
"JAN 22, 2024",SAN ANTONIO SPURS
"MAR 24, 2024",LOS ANGELES LAKERS
"MAR 22, 2024",LOS ANGELES LAKERS
"MAR 18, 2024",LOS ANGELES LAKERS
"MAR 16, 2024",LOS ANGELES LAKERS
"MAR 13, 2024",LOS ANGELES LAKERS
"MAR 10, 2024",LOS ANGELES LAKERS
"MAR 08, 2024",LOS ANGELES LAKERS
"MAR 06, 2024",LOS ANGELES LAKERS
"MAR 04, 2024",LOS ANGELES LAKERS
"FEB 28, 2024",LOS ANGELES LAKERS
"FEB 22, 2024",LOS ANGELES LAKERS
"FEB 08, 2024",LOS ANGELES LAKERS
"FEB 05, 2024",LOS ANGELES LAKERS
"FEB 03, 2024",LOS ANGELES LAKERS
"FEB 01, 2024",LOS ANGELES LAKERS
"JAN 29, 2024",LOS ANGELES LAKERS
"JAN 27, 2024",LOS ANGELES LAKERS
"JAN 25, 2024",LOS ANGELES LAKERS
"JAN 23, 2024",LOS ANGELES LAKERS
"JAN 19, 2024",LOS ANGELES LAKERS
"JAN 17, 2024",LOS ANGELES LAKERS
"JAN 15, 2024",LOS ANGELES LAKERS
"JAN 13, 2024",LOS ANGELES LAKERS
"JAN 11, 2024",LOS ANGELES LAKERS
"JAN 09, 2024",LOS ANGELES LAKERS
"JAN 07, 2024",LOS ANGELES LAKERS
"JAN 05, 2024",LOS ANGELES LAKERS
"JAN 03, 2024",LOS ANGELES LAKERS
"DEC 28, 2023",LOS ANGELES LAKERS
"DEC 20, 2023",LOS ANGELES LAKERS
"DEC 12, 2023",LOS ANGELES LAKERS
"DEC 07, 2023",LOS ANGELES LAKERS
"DEC 05, 2023",LOS ANGELES LAKERS
"DEC 02, 2023",LOS ANGELES LAKERS
"NOV 29, 2023",LOS ANGELES LAKERS
"NOV 27, 2023",LOS ANGELES LAKERS
"NOV 25, 2023",LOS ANGELES LAKERS
"NOV 21, 2023",LOS ANGELES LAKERS
"NOV 17, 2023",LOS ANGELES LAKERS
"NOV 14, 2023",LOS ANGELES LAKERS
"NOV 12, 2023",LOS ANGELES LAKERS
"NOV 06, 2023",LOS ANGELES LAKERS
"NOV 01, 2023",LOS ANGELES LAKERS
"APR 09, 2024",MEMPHIS GRIZZLIES
"APR 03, 2024",MEMPHIS GRIZZLIES
"MAR 25, 2024",UTAH JAZZ
"MAR 12, 2024",UTAH JAZZ
"MAR 09, 2024",UTAH JAZZ
"MAR 06, 2024",UTAH JAZZ
"MAR 04, 2024",UTAH JAZZ
"FEB 29, 2024",UTAH JAZZ
"FEB 27, 2024",UTAH JAZZ
"FEB 25, 2024",UTAH JAZZ
"FEB 22, 2024",UTAH JAZZ
"FEB 14, 2024",UTAH JAZZ
"FEB 12, 2024",UTAH JAZZ
"FEB 08, 2024",UTAH JAZZ
"FEB 06, 2024",UTAH JAZZ
"APR 04, 2024",LOS ANGELES CLIPPERS
"MAR 06, 2024",LOS ANGELES CLIPPERS
"MAR 04, 2024",LOS ANGELES CLIPPERS
"FEB 28, 2024",LOS ANGELES CLIPPERS
"FEB 05, 2024",LOS ANGELES CLIPPERS
"JAN 16, 2024",LOS ANGELES CLIPPERS
"JAN 14, 2024",LOS ANGELES CLIPPERS
"JAN 10, 2024",LOS ANGELES CLIPPERS
"JAN 07, 2024",LOS ANGELES CLIPPERS
"JAN 03, 2024",LOS ANGELES CLIPPERS
"DEC 20, 2023",LOS ANGELES CLIPPERS
"NOV 22, 2023",LOS ANGELES CLIPPERS
"NOV 20, 2023",LOS ANGELES CLIPPERS
"MAR 29, 2024",UTAH JAZZ
"MAR 27, 2024",UTAH JAZZ
"MAR 23, 2024",UTAH JAZZ
"MAR 20, 2024",UTAH JAZZ
"MAR 18, 2024",UTAH JAZZ
"MAR 15, 2024",UTAH JAZZ
"MAR 27, 2024",DETROIT PISTONS
"MAR 09, 2024",DETROIT PISTONS
"MAR 07, 2024",DETROIT PISTONS
"MAR 05, 2024",DETROIT PISTONS
"MAR 01, 2024",DETROIT PISTONS
"FEB 26, 2024",DETROIT PISTONS
"FEB 24, 2024",DETROIT PISTONS
"FEB 22, 2024",DETROIT PISTONS
"FEB 13, 2024",DETROIT PISTONS
"JAN 31, 2024",DALLAS MAVERICKS
"JAN 29, 2024",DALLAS MAVERICKS
"JAN 17, 2024",DALLAS MAVERICKS
"JAN 13, 2024",DALLAS MAVERICKS
"JAN 11, 2024",DALLAS MAVERICKS
"JAN 09, 2024",DALLAS MAVERICKS
"JAN 07, 2024",DALLAS MAVERICKS
"JAN 05, 2024",DALLAS MAVERICKS
"JAN 03, 2024",DALLAS MAVERICKS
"DEC 27, 2023",DALLAS MAVERICKS
"DEC 25, 2023",DALLAS MAVERICKS
"DEC 22, 2023",DALLAS MAVERICKS
"DEC 18, 2023",DALLAS MAVERICKS
"DEC 16, 2023",DALLAS MAVERICKS
"DEC 11, 2023",DALLAS MAVERICKS
"DEC 08, 2023",DALLAS MAVERICKS
"DEC 06, 2023",DALLAS MAVERICKS
"DEC 01, 2023",DALLAS MAVERICKS
"NOV 28, 2023",DALLAS MAVERICKS
"NOV 25, 2023",DALLAS MAVERICKS
"NOV 22, 2023",DALLAS MAVERICKS
"NOV 18, 2023",DALLAS MAVERICKS
"NOV 14, 2023",DALLAS MAVERICKS
"NOV 12, 2023",DALLAS MAVERICKS
"NOV 10, 2023",DALLAS MAVERICKS
"NOV 03, 2023",DALLAS MAVERICKS
"NOV 01, 2023",DALLAS MAVERICKS
"OCT 30, 2023",DALLAS MAVERICKS
"OCT 27, 2023",DALLAS MAVERICKS
"OCT 25, 2023",DALLAS MAVERICKS
"APR 11, 2024",GOLDEN STATE WARRIORS
"APR 09, 2024",GOLDEN STATE WARRIORS
"APR 04, 2024",GOLDEN STATE WARRIORS
"APR 02, 2024",GOLDEN STATE WARRIORS
"MAR 22, 2024",GOLDEN STATE WARRIORS
"MAR 20, 2024",GOLDEN STATE WARRIORS
"MAR 18, 2024",GOLDEN STATE WARRIORS
"MAR 16, 2024",GOLDEN STATE WARRIORS
"MAR 06, 2024",GOLDEN STATE WARRIORS
"FEB 29, 2024",GOLDEN STATE WARRIORS
"FEB 27, 2024",GOLDEN STATE WARRIORS
"FEB 25, 2024",GOLDEN STATE WARRIORS
"FEB 22, 2024",GOLDEN STATE WARRIORS
"FEB 14, 2024",GOLDEN STATE WARRIORS
"FEB 12, 2024",GOLDEN STATE WARRIORS
"FEB 10, 2024",GOLDEN STATE WARRIORS
"FEB 07, 2024",GOLDEN STATE WARRIORS
"FEB 05, 2024",GOLDEN STATE WARRIORS
"FEB 02, 2024",GOLDEN STATE WARRIORS
"JAN 30, 2024",GOLDEN STATE WARRIORS
"JAN 27, 2024",GOLDEN STATE WARRIORS
"JAN 24, 2024",GOLDEN STATE WARRIORS
"JAN 12, 2024",GOLDEN STATE WARRIORS
"JAN 10, 2024",GOLDEN STATE WARRIORS
"JAN 07, 2024",GOLDEN STATE WARRIORS
"JAN 04, 2024",GOLDEN STATE WARRIORS
"JAN 02, 2024",GOLDEN STATE WARRIORS
"DEC 30, 2023",GOLDEN STATE WARRIORS
"DEC 28, 2023",GOLDEN STATE WARRIORS
"DEC 22, 2023",GOLDEN STATE WARRIORS
"DEC 19, 2023",GOLDEN STATE WARRIORS
"DEC 16, 2023",GOLDEN STATE WARRIORS
"DEC 14, 2023",GOLDEN STATE WARRIORS
"DEC 12, 2023",GOLDEN STATE WARRIORS
"DEC 08, 2023",GOLDEN STATE WARRIORS
"DEC 06, 2023",GOLDEN STATE WARRIORS
"NOV 30, 2023",GOLDEN STATE WARRIORS
"NOV 28, 2023",GOLDEN STATE WARRIORS
"NOV 24, 2023",GOLDEN STATE WARRIORS
"NOV 22, 2023",GOLDEN STATE WARRIORS
"NOV 20, 2023",GOLDEN STATE WARRIORS
"NOV 18, 2023",GOLDEN STATE WARRIORS
"NOV 11, 2023",GOLDEN STATE WARRIORS
"NOV 08, 2023",GOLDEN STATE WARRIORS
"NOV 06, 2023",GOLDEN STATE WARRIORS
"NOV 03, 2023",GOLDEN STATE WARRIORS
"NOV 01, 2023",GOLDEN STATE WARRIORS
"OCT 30, 2023",GOLDEN STATE WARRIORS
"OCT 27, 2023",GOLDEN STATE WARRIORS
"OCT 24, 2023",GOLDEN STATE WARRIORS
"APR 05, 2024",NEW ORLEANS PELICANS
"APR 03, 2024",NEW ORLEANS PELICANS
"APR 01, 2024",NEW ORLEANS PELICANS
"JAN 29, 2024",NEW ORLEANS PELICANS
"JAN 10, 2024",NEW ORLEANS PELICANS
"DEC 01, 2023",NEW ORLEANS PELICANS
"NOV 17, 2023",NEW ORLEANS PELICANS
"NOV 14, 2023",NEW ORLEANS PELICANS
"NOV 12, 2023",NEW ORLEANS PELICANS
"NOV 10, 2023",NEW ORLEANS PELICANS
"NOV 08, 2023",NEW ORLEANS PELICANS
"NOV 06, 2023",NEW ORLEANS PELICANS
"NOV 02, 2023",NEW ORLEANS PELICANS
"OCT 30, 2023",NEW ORLEANS PELICANS
"OCT 25, 2023",NEW ORLEANS PELICANS
"APR 12, 2024",LOS ANGELES LAKERS
"MAR 02, 2024",LOS ANGELES LAKERS
"DEC 30, 2023",LOS ANGELES LAKERS
"DEC 23, 2023",LOS ANGELES LAKERS
"DEC 18, 2023",LOS ANGELES LAKERS
"NOV 19, 2023",LOS ANGELES LAKERS
"NOV 10, 2023",LOS ANGELES LAKERS
"OCT 29, 2023",LOS ANGELES LAKERS
"OCT 26, 2023",LOS ANGELES LAKERS
"APR 03, 2024",TORONTO RAPTORS
"APR 12, 2024",OKLAHOMA CITY THUNDER
"MAR 20, 2024",OKLAHOMA CITY THUNDER
"FEB 13, 2024",OKLAHOMA CITY THUNDER
"FEB 06, 2024",OKLAHOMA CITY THUNDER
"FEB 04, 2024",OKLAHOMA CITY THUNDER
"FEB 02, 2024",OKLAHOMA CITY THUNDER
"JAN 31, 2024",OKLAHOMA CITY THUNDER
"JAN 15, 2024",OKLAHOMA CITY THUNDER
"JAN 13, 2024",OKLAHOMA CITY THUNDER
"DEC 23, 2023",OKLAHOMA CITY THUNDER
"DEC 21, 2023",OKLAHOMA CITY THUNDER
"DEC 18, 2023",OKLAHOMA CITY THUNDER
"DEC 16, 2023",OKLAHOMA CITY THUNDER
"DEC 14, 2023",OKLAHOMA CITY THUNDER
"DEC 11, 2023",OKLAHOMA CITY THUNDER
"NOV 28, 2023",OKLAHOMA CITY THUNDER
"NOV 12, 2023",OKLAHOMA CITY THUNDER
"NOV 10, 2023",OKLAHOMA CITY THUNDER
"NOV 08, 2023",OKLAHOMA CITY THUNDER
"NOV 06, 2023",OKLAHOMA CITY THUNDER
"NOV 03, 2023",OKLAHOMA CITY THUNDER
"OCT 30, 2023",OKLAHOMA CITY THUNDER
"OCT 25, 2023",OKLAHOMA CITY THUNDER
"APR 02, 2024",DALLAS MAVERICKS
"MAR 29, 2024",DALLAS MAVERICKS
"MAR 25, 2024",DALLAS MAVERICKS
"MAR 21, 2024",DALLAS MAVERICKS
"MAR 19, 2024",DALLAS MAVERICKS
"MAR 13, 2024",DALLAS MAVERICKS
"MAR 11, 2024",DALLAS MAVERICKS
"MAR 09, 2024",DALLAS MAVERICKS
"MAR 07, 2024",DALLAS MAVERICKS
"MAR 05, 2024",DALLAS MAVERICKS
"MAR 01, 2024",DALLAS MAVERICKS
"FEB 27, 2024",DALLAS MAVERICKS
"FEB 22, 2024",DALLAS MAVERICKS
"FEB 14, 2024",DALLAS MAVERICKS
"FEB 12, 2024",DALLAS MAVERICKS
"FEB 08, 2024",DALLAS MAVERICKS
"FEB 05, 2024",DALLAS MAVERICKS
"FEB 03, 2024",DALLAS MAVERICKS
"JAN 26, 2024",DALLAS MAVERICKS
"JAN 24, 2024",DALLAS MAVERICKS
"JAN 22, 2024",DALLAS MAVERICKS
"JAN 01, 2024",DALLAS MAVERICKS
"DEC 30, 2023",DALLAS MAVERICKS
"DEC 20, 2023",DALLAS MAVERICKS
"DEC 14, 2023",DALLAS MAVERICKS
"NOV 08, 2023",DALLAS MAVERICKS
"NOV 05, 2023",DALLAS MAVERICKS
"APR 09, 2024",OKLAHOMA CITY THUNDER
"MAR 26, 2024",OKLAHOMA CITY THUNDER
"MAR 16, 2024",OKLAHOMA CITY THUNDER
"MAR 14, 2024",OKLAHOMA CITY THUNDER
"MAR 12, 2024",OKLAHOMA CITY THUNDER
"MAR 08, 2024",OKLAHOMA CITY THUNDER
"MAR 06, 2024",OKLAHOMA CITY THUNDER
"FEB 27, 2024",OKLAHOMA CITY THUNDER
"FEB 25, 2024",OKLAHOMA CITY THUNDER
"FEB 22, 2024",OKLAHOMA CITY THUNDER
"JAN 29, 2024",OKLAHOMA CITY THUNDER
"JAN 26, 2024",OKLAHOMA CITY THUNDER
"JAN 23, 2024",OKLAHOMA CITY THUNDER
"JAN 20, 2024",OKLAHOMA CITY THUNDER
"JAN 10, 2024",OKLAHOMA CITY THUNDER
"JAN 08, 2024",OKLAHOMA CITY THUNDER
"JAN 05, 2024",OKLAHOMA CITY THUNDER
"JAN 02, 2024",OKLAHOMA CITY THUNDER
"DEC 31, 2023",OKLAHOMA CITY THUNDER
"DEC 29, 2023",OKLAHOMA CITY THUNDER
"DEC 26, 2023",OKLAHOMA CITY THUNDER
"DEC 08, 2023",OKLAHOMA CITY THUNDER
"DEC 06, 2023",OKLAHOMA CITY THUNDER
"DEC 02, 2023",OKLAHOMA CITY THUNDER
"NOV 30, 2023",OKLAHOMA CITY THUNDER
"NOV 22, 2023",OKLAHOMA CITY THUNDER
"NOV 18, 2023",OKLAHOMA CITY THUNDER
"NOV 16, 2023",OKLAHOMA CITY THUNDER
"NOV 14, 2023",OKLAHOMA CITY THUNDER
"APR 05, 2024",UTAH JAZZ
"APR 02, 2024",UTAH JAZZ
"MAR 31, 2024",UTAH JAZZ
"APR 05, 2024",DETROIT PISTONS
"JAN 01, 2024",HOUSTON ROCKETS
"DEC 29, 2023",HOUSTON ROCKETS
"DEC 22, 2023",PHILADELPHIA 76ERS
"NOV 17, 2023",PHILADELPHIA 76ERS
"NOV 14, 2023",PHILADELPHIA 76ERS
"APR 12, 2024",DALLAS MAVERICKS
"APR 05, 2024",DALLAS MAVERICKS
"APR 12, 2024",DETROIT PISTONS
"APR 11, 2024",UTAH JAZZ
"APR 09, 2024",UTAH JAZZ
"APR 07, 2024",UTAH JAZZ
"NOV 27, 2023",LOS ANGELES CLIPPERS
"NOV 24, 2023",LOS ANGELES CLIPPERS
"NOV 17, 2023",LOS ANGELES CLIPPERS
"NOV 14, 2023",LOS ANGELES CLIPPERS
"NOV 08, 2023",LOS ANGELES CLIPPERS
"JAN 18, 2024",OKLAHOMA CITY THUNDER
"APR 12, 2024",MEMPHIS GRIZZLIES
"APR 05, 2024",MEMPHIS GRIZZLIES
"APR 07, 2024",GOLDEN STATE WARRIORS
"MAR 11, 2024",GOLDEN STATE WARRIORS
"MAR 09, 2024",GOLDEN STATE WARRIORS
"NOV 14, 2023",GOLDEN STATE WARRIORS
"JAN 12, 2024",HOUSTON ROCKETS
"JAN 10, 2024",HOUSTON ROCKETS
"JAN 08, 2024",HOUSTON ROCKETS
"JAN 05, 2024",HOUSTON ROCKETS
"JAN 03, 2024",HOUSTON ROCKETS
"MAR 27, 2024",INDIANA PACERS
"MAR 24, 2024",INDIANA PACERS
"MAR 22, 2024",INDIANA PACERS
"MAR 12, 2024",INDIANA PACERS
"MAR 07, 2024",INDIANA PACERS
"MAR 05, 2024",INDIANA PACERS
"MAR 03, 2024",INDIANA PACERS
"MAR 01, 2024",INDIANA PACERS
"FEB 28, 2024",INDIANA PACERS
"FEB 26, 2024",INDIANA PACERS
"FEB 22, 2024",INDIANA PACERS
"FEB 14, 2024",INDIANA PACERS
"FEB 12, 2024",INDIANA PACERS
"FEB 10, 2024",INDIANA PACERS
"FEB 08, 2024",INDIANA PACERS
"FEB 06, 2024",INDIANA PACERS
"FEB 01, 2024",INDIANA PACERS
"JAN 30, 2024",INDIANA PACERS
"JAN 01, 2024",INDIANA PACERS
"DEC 30, 2023",INDIANA PACERS
"DEC 28, 2023",INDIANA PACERS
"DEC 26, 2023",INDIANA PACERS
"DEC 23, 2023",INDIANA PACERS
"MAR 23, 2024",BOSTON CELTICS
"JAN 15, 2024",BOSTON CELTICS
"DEC 28, 2023",BOSTON CELTICS
"MAR 28, 2024",NEW ORLEANS PELICANS
"FEB 27, 2024",NEW ORLEANS PELICANS
"FEB 25, 2024",NEW ORLEANS PELICANS
"JAN 25, 2024",INDIANA PACERS
"JAN 23, 2024",INDIANA PACERS
"JAN 21, 2024",INDIANA PACERS
"JAN 18, 2024",INDIANA PACERS
"JAN 15, 2024",INDIANA PACERS
"JAN 24, 2024",MEMPHIS GRIZZLIES
"MAR 13, 2024",GOLDEN STATE WARRIORS
"NOV 16, 2023",GOLDEN STATE WARRIORS
"DEC 18, 2023",CHARLOTTE HORNETS
